Date,YuukiIndex
2021-01-04,10000.0
2021-01-05,9899.47
2021-01-06,9722.71
2021-01-07,9898.61
2021-01-08,10202.99
2021-01-12,10217.82
2021-01-13,10172.77
2021-01-14,10196.39
2021-01-15,10015.37
2021-01-18,10015.61
2021-01-19,10143.9
2021-01-20,9947.09
2021-01-21,10018.63
2021-01-22,10087.8
2021-01-25,10128.36
2021-01-26,9921.53
2021-01-27,10128.1
2021-01-28,9942.55
2021-01-29,9774.43
2021-02-01,9981.96
2021-02-02,9943.87
2021-02-03,9934.86
2021-02-04,9821.26
2021-02-05,9913.61
2021-02-08,10075.96
2021-02-09,10170.07
2021-02-10,10153.85
2021-02-12,10208.9
2021-02-15,10453.5
2021-02-16,10553.6
2021-02-17,10478.72
2021-02-18,10575.27
2021-02-19,10414.63
2021-02-22,10308.42
2021-02-24,9945.93
2021-02-25,10122.97
2021-02-26,9637.34
2021-03-01,9801.23
2021-03-02,9739.31
2021-03-03,9680.77
2021-03-04,9421.55
2021-03-05,9549.92
2021-03-08,9330.26
2021-03-09,9221.78
2021-03-10,9212.57
2021-03-11,9220.21
2021-03-12,9438.44
2021-03-15,9429.29
2021-03-16,9504.56
2021-03-17,9583.19
2021-03-18,9744.35
2021-03-19,9688.62
2021-03-22,9304.12
2021-03-23,9262.53
2021-03-24,9092.87
2021-03-25,9296.89
2021-03-26,9327.9
2021-03-29,9472.51
2021-03-30,9535.27
2021-03-31,9370.81
2021-04-01,9514.73
2021-04-02,9738.8
2021-04-05,9700.69
2021-04-06,9556.88
2021-04-07,9467.46
2021-04-08,9564.08
2021-04-09,9561.33
2021-04-12,9466.6
2021-04-13,9564.74
2021-04-14,9566.4
2021-04-15,9526.74
2021-04-16,9597.95
2021-04-19,9579.49
2021-04-20,9348.5
2021-04-21,9198.45
2021-04-22,9469.01
2021-04-23,9396.21
2021-04-26,9452.98
2021-04-27,9346.03
2021-04-28,9425.05
2021-04-30,9489.65
2021-05-06,9655.18
2021-05-07,9623.1
2021-05-10,9584.14
2021-05-11,9360.8
2021-05-12,9258.37
2021-05-13,9127.06
2021-05-14,9239.88
2021-05-17,9231.52
2021-05-18,9391.41
2021-05-19,9262.6
2021-05-20,9286.11
2021-05-21,9398.37
2021-05-24,9369.53
2021-05-25,9405.03
2021-05-26,9448.83
2021-05-27,9484.07
2021-05-28,9680.16
2021-05-31,9559.97
2021-06-01,9557.02
2021-06-02,9508.29
2021-06-03,9500.6
2021-06-04,9465.87
2021-06-07,9458.11
2021-06-08,9385.12
2021-06-09,9292.09
2021-06-10,9300.23
2021-06-11,9313.09
2021-06-14,9476.2
2021-06-15,9580.62
2021-06-16,9521.55
2021-06-17,9503.02
2021-06-18,9570.54
2021-06-21,9293.5
2021-06-22,9583.65
2021-06-23,9600.11
2021-06-24,9485.66
2021-06-25,9513.9
2021-06-28,9562.61
2021-06-29,9596.08
2021-06-30,9560.45
2021-07-01,9593.7
2021-07-02,9653.78
2021-07-05,9577.62
2021-07-06,9635.41
2021-07-07,9679.11
2021-07-08,9631.49
2021-07-09,9504.78
2021-07-12,9780.06
2021-07-13,9821.32
2021-07-14,9810.65
2021-07-15,9686.83
2021-07-16,9620.17
2021-07-19,9444.88
2021-07-20,9362.28
2021-07-21,9422.58
2021-07-26,9583.94
2021-07-27,9664.76
2021-07-28,9491.48
2021-07-29,9609.97
2021-07-30,9741.14
2021-08-02,9948.77
2021-08-03,9935.16
2021-08-04,9982.67
2021-08-05,10039.85
2021-08-06,10011.05
2021-08-10,10107.95
2021-08-11,10306.05
2021-08-12,10277.95
2021-08-13,10316.15
2021-08-16,10102.51
2021-08-17,10078.39
2021-08-18,10088.54
2021-08-19,10042.16
2021-08-20,9964.91
2021-08-23,10291.11
2021-08-24,10416.63
2021-08-25,10382.37
2021-08-26,10343.15
2021-08-27,10265.85
2021-08-30,10342.55
2021-08-31,10482.1
2021-09-01,10601.38
2021-09-02,10623.2
2021-09-03,10820.8
2021-09-06,11004.39
2021-09-07,11293.55
2021-09-08,11311.64
2021-09-09,11245.78
2021-09-10,11397.56
2021-09-13,11504.5
2021-09-14,11543.02
2021-09-15,11512.03
2021-09-16,11283.82
2021-09-17,11302.48
2021-09-21,10988.07
2021-09-22,10836.26
2021-09-24,10982.74
2021-09-27,10817.87
2021-09-28,10668.86
2021-09-29,10353.1
2021-09-30,10649.66
2021-10-01,10264.14
2021-10-04,10114.85
2021-10-05,9830.41
2021-10-06,9815.87
2021-10-07,9837.23
2021-10-08,10066.76
2021-10-11,10280.75
2021-10-12,10113.57
2021-10-13,10109.04
2021-10-14,10240.55
2021-10-15,10501.03
2021-10-18,10469.19
2021-10-19,10668.31
2021-10-20,10641.13
2021-10-21,10448.87
2021-10-22,10453.71
2021-10-25,10332.68
2021-10-26,10456.48
2021-10-27,10399.32
2021-10-28,10259.86
2021-10-29,10573.33
2021-11-01,10866.42
2021-11-02,10794.28
2021-11-04,11195.14
2021-11-05,11214.53
2021-11-08,11030.76
2021-11-09,10895.03
2021-11-10,10782.01
2021-11-11,10799.21
2021-11-12,10853.36
2021-11-15,10902.55
2021-11-16,10997.86
2021-11-17,10958.37
2021-11-18,11005.04
2021-11-19,11067.04
2021-11-22,11060.39
2021-11-24,10777.49
2021-11-25,10791.05
2021-11-26,10582.46
2021-11-29,10511.06
2021-11-30,10357.38
2021-12-01,10445.56
2021-12-02,10497.77
2021-12-03,10560.65
2021-12-06,10571.05
2021-12-07,10722.12
2021-12-08,10892.18
2021-12-09,10830.04
2021-12-10,10825.73
2021-12-13,10945.03
2021-12-14,10851.96
2021-12-15,10787.79
2021-12-16,11044.34
2021-12-17,10818.01
2021-12-20,10602.84
2021-12-21,10814.39
2021-12-22,10836.81
2021-12-23,10951.41
2021-12-24,10920.18
2021-12-27,10793.26
2021-12-28,10897.72
2021-12-29,10728.28
2021-12-30,10722.61
2022-01-04,10877.22
2022-01-05,10883.67
2022-01-06,10420.82
2022-01-07,10221.44
2022-01-11,9745.89
2022-01-12,10082.5
2022-01-13,9883.33
2022-01-14,9769.91
2022-01-17,9827.32
2022-01-18,9951.28
2022-01-19,9714.74
2022-01-20,9791.95
2022-01-21,9681.75
2022-01-24,9639.8
2022-01-25,9462.41
2022-01-26,9358.16
2022-01-27,9069.11
2022-01-28,9262.13
2022-01-31,9320.23
2022-02-01,9387.63
2022-02-02,9678.15
2022-02-03,9287.06
2022-02-04,9361.94
2022-02-07,9207.99
2022-02-08,9186.82
2022-02-09,9302.05
2022-02-10,9366.65
2022-02-14,8951.49
2022-02-15,9024.16
2022-02-16,9103.51
2022-02-17,8860.15
2022-02-18,8807.92
2022-02-21,8667.48
2022-02-22,8577.92
2022-02-24,8481.6
2022-02-25,8710.99
2022-02-28,8691.1
2022-03-01,8799.79
2022-03-02,8644.94
2022-03-03,8755.28
2022-03-04,8627.52
2022-03-07,8333.86
2022-03-08,8374.03
2022-03-09,8376.94
2022-03-10,8639.54
2022-03-11,8307.49
2022-03-14,8254.04
2022-03-15,8170.76
2022-03-16,8376.12
2022-03-17,8775.52
2022-03-18,8846.37
2022-03-22,8900.24
2022-03-23,9262.41
2022-03-24,9262.96
2022-03-25,9147.42
2022-03-28,9060.35
2022-03-29,9173.93
2022-03-30,9147.7
2022-03-31,9123.65
2022-04-01,9180.31
2022-04-04,9177.21
2022-04-05,9214.73
2022-04-06,9107.56
2022-04-07,8869.99
2022-04-08,8958.18
2022-04-11,8741.96
2022-04-12,8478.44
2022-04-13,8720.95
2022-04-14,8789.32
2022-04-15,8813.65
2022-04-18,8693.78
2022-04-19,8710.4
2022-04-20,8663.56
2022-04-21,8829.87
2022-04-22,8674.18
2022-04-25,8326.47
2022-04-26,8312.11
2022-04-27,8256.11
2022-04-28,8438.19
2022-05-02,8355.33
2022-05-06,8378.09
2022-05-09,8051.77
2022-05-10,8117.19
2022-05-11,8208.91
2022-05-12,8035.19
2022-05-13,8264.03
2022-05-16,8326.14
2022-05-17,8336.5
2022-05-18,8382.57
2022-05-19,8161.93
2022-05-20,8091.04
2022-05-23,8164.06
2022-05-24,8049.79
2022-05-25,8077.37
2022-05-26,8074.42
2022-05-27,8049.18
2022-05-30,8430.87
2022-05-31,8434.71
2022-06-01,8473.83
2022-06-02,8443.61
2022-06-03,8566.24
2022-06-06,8603.67
2022-06-07,8633.4
2022-06-08,8690.82
2022-06-09,8752.22
2022-06-10,8586.76
2022-06-13,8268.15
2022-06-14,8214.49
2022-06-15,8022.5
2022-06-16,8086.75
2022-06-17,8024.51
2022-06-20,8049.26
2022-06-21,8208.03
2022-06-22,8200.52
2022-06-23,8158.2
2022-06-24,8245.45
2022-06-27,8418.43
2022-06-28,8456.68
2022-06-29,8384.76
2022-06-30,8311.77
2022-07-01,8147.34
2022-07-04,8248.44
2022-07-05,8367.2
2022-07-06,8371.84
2022-07-07,8547.34
2022-07-08,8557.54
2022-07-11,8646.3
2022-07-12,8484.87
2022-07-13,8556.47
2022-07-14,8708.27
2022-07-15,8935.94
2022-07-19,9038.29
2022-07-20,9357.91
2022-07-21,9408.41
2022-07-22,9561.37
2022-07-25,9393.2
2022-07-26,9334.47
2022-07-27,9258.81
2022-07-28,9248.34
2022-07-29,9188.04
2022-08-01,9389.01
2022-08-02,9270.77
2022-08-03,9391.39
2022-08-04,9468.65
2022-08-05,9604.92
2022-08-08,9569.65
2022-08-09,9604.44
2022-08-10,9440.25
2022-08-12,9741.6
2022-08-15,9856.36
2022-08-16,9850.37
2022-08-17,9975.58
2022-08-18,9863.94
2022-08-19,9864.0
2022-08-22,9766.43
2022-08-23,9573.42
2022-08-24,9469.7
2022-08-25,9507.18
2022-08-26,9558.48
2022-08-29,9222.85
2022-08-30,9359.61
2022-08-31,9319.03
2022-09-01,9152.05
2022-09-02,9127.78
2022-09-05,9124.25
2022-09-06,9128.69
2022-09-07,9121.26
2022-09-08,9431.68
2022-09-09,9444.52
2022-09-12,9599.85
2022-09-13,9629.28
2022-09-14,9244.87
2022-09-15,9267.51
2022-09-16,9073.22
2022-09-20,9174.76
2022-09-21,9014.29
2022-09-22,8950.72
2022-09-26,8831.53
2022-09-27,8886.81
2022-09-28,8755.85
2022-09-29,8824.33
2022-09-30,8581.22
2022-10-03,8659.33
2022-10-04,8939.32
2022-10-05,9088.25
2022-10-06,9160.91
2022-10-07,9086.95
2022-10-11,8717.5
2022-10-12,8737.05
2022-10-13,8654.21
2022-10-14,8964.93
2022-10-17,8772.74
2022-10-18,8922.83
2022-10-19,8909.46
2022-10-20,8790.18
2022-10-21,8720.91
2022-10-24,8789.88
2022-10-25,8932.19
2022-10-26,9021.94
2022-10-27,9111.6
2022-10-28,9032.27
2022-10-31,9447.79
2022-11-01,9601.76
2022-11-02,9602.44
2022-11-04,9389.76
2022-11-07,9568.49
2022-11-08,9663.11
2022-11-09,9472.34
2022-11-10,9404.56
2022-11-11,9893.32
2022-11-14,9899.43
2022-11-15,9852.4
2022-11-16,9865.64
2022-11-17,9765.84
2022-11-18,9717.31
2022-11-21,9704.13
2022-11-22,9741.11
2022-11-24,9889.83
2022-11-25,9768.96
2022-11-28,9752.82
2022-11-29,9666.55
2022-11-30,9528.22
2022-12-01,9712.21
2022-12-02,9521.39
2022-12-05,9548.03
2022-12-06,9552.07
2022-12-07,9456.55
2022-12-08,9392.67
2022-12-09,9520.77
2022-12-12,9459.12
2022-12-13,9573.0
2022-12-14,9659.69
2022-12-15,9540.82
2022-12-16,9347.84
2022-12-19,9252.11
2022-12-20,8989.3
2022-12-21,8902.47
2022-12-22,8898.7
2022-12-23,8812.0
2022-12-26,8876.82
2022-12-27,8909.49
2022-12-28,8874.4
2022-12-29,8824.05
2022-12-30,8826.4
2023-01-04,8689.17
2023-01-05,8729.43
2023-01-06,8806.27
2023-01-10,8958.95
2023-01-11,9252.46
2023-01-12,9199.23
2023-01-13,9015.23
2023-01-16,8958.7
2023-01-17,9101.81
2023-01-18,9331.42
2023-01-19,9243.28
2023-01-20,9243.28
2023-01-23,9462.03
2023-01-24,9553.03
2023-01-25,9646.64
2023-01-26,9537.66
2023-01-27,9613.23
2023-01-30,9660.49
2023-01-31,9588.07
2023-02-01,9593.39
2023-02-02,9748.72
2023-02-03,9846.49
2023-02-06,9840.01
2023-02-07,9877.55
2023-02-08,9773.89
2023-02-09,9783.38
2023-02-10,9781.57
2023-02-13,9644.23
2023-02-14,9770.69
2023-02-15,9698.81
2023-02-16,9843.45
2023-02-17,9677.37
2023-02-20,9639.76
2023-02-21,9587.24
2023-02-22,9449.46
2023-02-24,9533.37
2023-02-27,9567.28
2023-02-28,9613.11
2023-03-01,9607.45
2023-03-02,9615.92
2023-03-03,9795.54
2023-03-06,9953.58
2023-03-07,10007.59
2023-03-08,10059.45
2023-03-09,10082.38
2023-03-10,9885.03
2023-03-13,9876.24
2023-03-14,9690.53
2023-03-15,9600.62
2023-03-16,9620.53
2023-03-17,9790.15
2023-03-20,9687.88
2023-03-22,9991.06
2023-03-23,9889.86
2023-03-24,9907.86
2023-03-27,9917.03
2023-03-28,9962.98
2023-03-29,10112.55
2023-03-30,10168.18
2023-03-31,10277.45
2023-04-03,10267.48
2023-04-04,10308.99
2023-04-05,10083.12
2023-04-06,9773.86
2023-04-07,9802.25
2023-04-10,9852.58
2023-04-11,9900.98
2023-04-12,9954.67
2023-04-13,10130.5
2023-04-14,10369.64
2023-04-17,10326.53
2023-04-18,10397.09
2023-04-19,10313.58
2023-04-20,10428.71
2023-04-21,10381.45
2023-04-24,10387.52
2023-04-25,10443.54
2023-04-26,10315.92
2023-04-27,10382.17
2023-04-28,10406.43
2023-05-01,10604.99
2023-05-02,10644.5
2023-05-08,10611.36
2023-05-09,10693.74
2023-05-10,10653.58
2023-05-11,10629.72
2023-05-12,10833.7
2023-05-15,10971.06
2023-05-16,11078.19
2023-05-17,11175.79
2023-05-18,11377.58
2023-05-19,11480.89
2023-05-22,11573.07
2023-05-23,11495.83
2023-05-24,11324.32
2023-05-25,11336.49
2023-05-26,11307.7
2023-05-29,11268.49
2023-05-30,11327.93
2023-05-31,11151.12
2023-06-01,11284.61
2023-06-02,11519.65
2023-06-05,11814.13
2023-06-06,11844.53
2023-06-07,11552.37
2023-06-08,11289.96
2023-06-09,11621.23
2023-06-12,11713.89
2023-06-13,11864.37
2023-06-14,11980.63
2023-06-15,11996.77
2023-06-16,12055.54
2023-06-19,11936.69
2023-06-20,11914.83
2023-06-21,11942.37
2023-06-22,11827.35
2023-06-23,11614.07
2023-06-26,11587.1
2023-06-27,11524.25
2023-06-28,11772.96
2023-06-29,11756.14
2023-06-30,11737.77
2023-07-03,12048.29
2023-07-04,11866.22
2023-07-05,11811.54
2023-07-06,11541.39
2023-07-07,11387.43
2023-07-10,11315.4
2023-07-11,11340.69
2023-07-12,11304.64
2023-07-13,11483.64
2023-07-14,11435.39
2023-07-18,11473.82
2023-07-19,11579.91
2023-07-20,11375.7
2023-07-21,11369.73
2023-07-24,11472.05
2023-07-25,11419.03
2023-07-26,11395.52
2023-07-27,11485.16
2023-07-28,11476.83
2023-07-31,11336.61
2023-08-01,11204.56
2023-08-02,11060.87
2023-08-03,10962.63
2023-08-04,10921.2
2023-08-07,10887.74
2023-08-08,10886.9
2023-08-09,10594.19
2023-08-10,10710.19
2023-08-14,10520.77
2023-08-15,10564.72
2023-08-16,10426.19
2023-08-17,10394.65
2023-08-18,10368.53
2023-08-21,10311.38
2023-08-22,10369.64
2023-08-23,10533.99
2023-08-24,10597.8
2023-08-25,10397.14
2023-08-28,10623.23
2023-08-29,10596.43
2023-08-30,10622.01
2023-08-31,10632.0
2023-09-01,10660.98
2023-09-04,10677.07
2023-09-05,10719.67
2023-09-06,10802.47
2023-09-07,10695.79
2023-09-08,10543.62
2023-09-11,10397.2
2023-09-12,10494.96
2023-09-13,10404.59
2023-09-14,10552.23
2023-09-15,10648.49
2023-09-19,10522.36
2023-09-20,10497.16
2023-09-21,10305.06
2023-09-22,10223.07
2023-09-25,10209.1
2023-09-26,10104.01
2023-09-27,10116.74
2023-09-28,10022.07
2023-09-29,10045.78
2023-10-02,10027.62
2023-10-03,9880.89
2023-10-04,9819.14
2023-10-05,9933.45
2023-10-06,9866.96
2023-10-10,10043.07
2023-10-11,10082.99
2023-10-12,10288.93
2023-10-13,10374.49
2023-10-16,10137.86
2023-10-17,10284.28
2023-10-18,10274.0
2023-10-19,10046.19
2023-10-20,9915.38
2023-10-23,9735.25
2023-10-24,9727.28
2023-10-25,9775.6
2023-10-26,9580.77
2023-10-27,9699.86
2023-10-30,9968.72
2023-10-31,10077.57
2023-11-01,10303.27
2023-11-02,10439.71
2023-11-06,10674.05
2023-11-07,10474.5
2023-11-08,10518.68
2023-11-09,10676.88
2023-11-10,10580.21
2023-11-13,10530.08
2023-11-14,10545.74
2023-11-15,10871.84
2023-11-16,10976.62
2023-11-17,10967.83
2023-11-20,10916.88
2023-11-21,10933.4
2023-11-22,11033.2
2023-11-24,10970.88
2023-11-27,10849.37
2023-11-28,10839.71
2023-11-29,10867.84
2023-11-30,10949.74
2023-12-01,10845.76
2023-12-04,10777.14
2023-12-05,10593.75
2023-12-06,10835.99
2023-12-07,10592.4
2023-12-08,10430.83
2023-12-11,10573.0
2023-12-12,10621.48
2023-12-13,10609.3
2023-12-14,10532.58
2023-12-15,10773.3
2023-12-18,10662.97
2023-12-19,10807.62
2023-12-20,10966.62
2023-12-21,10813.29
2023-12-22,10745.85
2023-12-25,10769.08
2023-12-26,10781.79
2023-12-27,10896.14
2023-12-28,10869.93
2023-12-29,10812.15
2024-01-04,10638.79
2024-01-05,10570.32
2024-01-09,10754.71
2024-01-10,11125.9
2024-01-11,11351.77
2024-01-12,11698.49
2024-01-15,11661.9
2024-01-16,11588.61
2024-01-17,11529.5
2024-01-18,11486.71
2024-01-19,11529.88
2024-01-22,11718.99
2024-01-23,11718.98
2024-01-24,11558.96
2024-01-25,11565.31
2024-01-26,11556.71
2024-01-29,11615.7
2024-01-30,11722.26
2024-01-31,11690.15
2024-02-01,11587.57
2024-02-02,11580.28
2024-02-05,11767.84
2024-02-06,11499.68
2024-02-07,11247.38
2024-02-08,11423.2
2024-02-09,11502.07
2024-02-13,11648.85
2024-02-14,11630.51
2024-02-15,11784.4
2024-02-16,11962.88
2024-02-19,11913.61
2024-02-20,11888.14
2024-02-21,11877.12
2024-02-22,12047.84
2024-02-26,12192.3
2024-02-27,12225.42
2024-02-28,12118.91
2024-02-29,12083.99
2024-03-01,12274.13
2024-03-04,12411.34
2024-03-05,12550.55
2024-03-06,12468.05
2024-03-07,12273.3
2024-03-08,12273.4
2024-03-11,12054.08
2024-03-12,12074.3
2024-03-13,12016.67
2024-03-14,11994.29
2024-03-15,11962.82
2024-03-18,12327.97
2024-03-19,12387.71
2024-03-21,12602.27
2024-03-22,12613.51
2024-03-25,12434.23
2024-03-26,12426.01
2024-03-27,12457.01
2024-03-28,12384.69
2024-03-29,12375.46
2024-04-01,12428.52
2024-04-02,12437.56
2024-04-03,12122.02
2024-04-04,12086.51
2024-04-05,11716.43
2024-04-08,11829.99
2024-04-09,11814.33
2024-04-10,11777.94
2024-04-11,11721.41
2024-04-12,11599.17
2024-04-15,11514.19
2024-04-16,11475.42
2024-04-17,11341.24
2024-04-18,11412.71
2024-04-19,11143.84
2024-04-22,11357.32
2024-04-23,11478.0
2024-04-24,11710.55
2024-04-25,11486.47
2024-04-26,11947.99
2024-04-30,12079.24
2024-05-01,11973.59
2024-05-02,11952.6
2024-05-07,12233.07
2024-05-08,11993.48
2024-05-09,11975.54
2024-05-10,12185.99
2024-05-13,12233.54
2024-05-14,12324.54
2024-05-15,12233.63
2024-05-16,12558.68
2024-05-17,12498.65
2024-05-20,12503.42
2024-05-21,12329.15
2024-05-22,12297.43
2024-05-23,12448.31
2024-05-24,12266.11
2024-05-27,12263.7
2024-05-28,12161.25
2024-05-29,12042.58
2024-05-30,11949.82
2024-05-31,12113.99
2024-06-03,12265.34
2024-06-04,12263.9
2024-06-05,12139.5
2024-06-06,12084.6
2024-06-07,12077.2
2024-06-10,12220.67
2024-06-11,12205.91
2024-06-12,12000.41
2024-06-13,12012.05
2024-06-14,11966.07
2024-06-17,11812.67
2024-06-18,11854.51
2024-06-19,11968.31
2024-06-20,11971.17
2024-06-21,12090.07
2024-06-24,12067.33
2024-06-25,12187.81
2024-06-26,12360.54
2024-06-27,12115.25
2024-06-28,12114.39
2024-07-01,12129.71
2024-07-02,12236.76
2024-07-03,12428.99
2024-07-04,12493.39
2024-07-05,12478.99
2024-07-08,12518.54
2024-07-09,12856.77
2024-07-10,12903.57
2024-07-11,13090.19
2024-07-12,12704.73
2024-07-16,12627.31
2024-07-17,12584.47
2024-07-18,12330.21
2024-07-19,12420.72
2024-07-22,12229.14
2024-07-23,12105.05
2024-07-24,12045.61
2024-07-25,11593.72
2024-07-26,11709.88
2024-07-29,11719.03
2024-07-30,11699.01
2024-07-31,11793.67
2024-08-01,11546.28
2024-08-02,10985.11
2024-08-05,9770.2
2024-08-06,10983.59
2024-08-07,10844.85
2024-08-08,10719.04
2024-08-09,10687.95
2024-08-13,11230.8
2024-08-14,11395.95
2024-08-15,11256.07
2024-08-16,11658.11
2024-08-19,11545.19
2024-08-20,11832.29
2024-08-21,11939.41
2024-08-22,12083.1
2024-08-23,12224.07
2024-08-26,12210.4
2024-08-27,12259.66
2024-08-28,12213.81
2024-08-29,12265.82
2024-08-30,12223.6
2024-09-02,12266.0
2024-09-03,12300.33
2024-09-04,11944.32
2024-09-05,11715.5
2024-09-06,11473.86
2024-09-09,11478.06
2024-09-10,11373.51
2024-09-11,11286.81
2024-09-12,11676.04
2024-09-13,11620.84
2024-09-17,11608.29
2024-09-18,11690.78
2024-09-19,11947.75
2024-09-20,12238.62
2024-09-24,12292.91
2024-09-25,12226.03
2024-09-26,12568.83
2024-09-27,12790.39
2024-09-30,12354.92
2024-10-01,12548.65
2024-10-02,12289.02
2024-10-03,12489.61
2024-10-04,12549.52
2024-10-07,12726.08
2024-10-08,12500.84
2024-10-09,12660.32
2024-10-10,12694.68
2024-10-11,12869.91
2024-10-15,12818.2
2024-10-16,12600.42
2024-10-17,12406.67
2024-10-18,12538.05
2024-10-21,12580.22
2024-10-22,12299.12
2024-10-23,12154.37
2024-10-24,12111.3
2024-10-25,12090.95
2024-10-28,12302.95
2024-10-29,12357.25
2024-10-30,12563.23
2024-10-31,12506.17
2024-11-01,12190.08
2024-11-05,12349.76
2024-11-06,12516.23
2024-11-07,12303.87
2024-11-08,12418.41
2024-11-11,12327.68
2024-11-12,12244.23
2024-11-13,11979.14
2024-11-14,12030.39
2024-11-15,12185.55
2024-11-18,12051.99
2024-11-19,12090.52
2024-11-20,12046.46
2024-11-21,12010.44
2024-11-22,12048.78
2024-11-25,12308.65
2024-11-26,12271.66
2024-11-27,12127.4
2024-11-28,12251.25
2024-11-29,12202.75
2024-12-02,12206.0
2024-12-03,12444.48
2024-12-04,12504.17
2024-12-05,12497.58
2024-12-06,12377.9
2024-12-09,12472.17
2024-12-10,12557.63
2024-12-11,12543.67
2024-12-12,12640.82
2024-12-13,12404.08
2024-12-16,12346.3
2024-12-17,12453.78
2024-12-18,12343.4
2024-12-19,12343.13
2024-12-20,12296.24
2024-12-23,12315.05
2024-12-24,12264.08
2024-12-25,12258.08
2024-12-26,12365.71
2024-12-27,12597.84
2024-12-30,12518.65
2025-01-06,12210.41
2025-01-07,12461.52
2025-01-08,12337.94
2025-01-09,12196.2
2025-01-10,11988.3
2025-01-14,11773.35
2025-01-15,12029.74
2025-01-16,12061.54
2025-01-17,12134.99
2025-01-20,12290.01
2025-01-21,12305.05
2025-01-22,12395.7
2025-01-23,12474.62
2025-01-24,12541.69
2025-01-27,12540.52
2025-01-28,12567.1
2025-01-29,12668.9
2025-01-30,12510.92
2025-01-31,12581.17
2025-02-03,12085.05
2025-02-04,11922.81
2025-02-05,11955.64
2025-02-06,12023.79
2025-02-07,11978.13
2025-02-10,11883.56
2025-02-12,12024.19
2025-02-13,12228.64
2025-02-14,12110.77
2025-02-17,12231.58
2025-02-18,12186.38
2025-02-19,12027.89
2025-02-20,11858.13
2025-02-21,11817.69
2025-02-25,11639.36
2025-02-26,11603.31
2025-02-27,11673.24
2025-02-28,11385.73
2025-03-03,11612.3
2025-03-04,11625.04
2025-03-05,11810.63
2025-03-06,11849.25
2025-03-07,11549.4
2025-03-10,11534.43
2025-03-11,11507.71
2025-03-12,11540.04
2025-03-13,11458.89
2025-03-14,11556.42
2025-03-17,11530.92
2025-03-18,11636.66
2025-03-19,11612.35
2025-03-21,11645.08
2025-03-24,11595.65
2025-03-25,11635.73
2025-03-26,11764.52
2025-03-27,11801.87
2025-03-28,11598.84
2025-03-31,11199.55
2025-04-01,11175.42
2025-04-02,11301.05
2025-04-03,10999.02
2025-04-04,10881.52
2025-04-07,10091.42
2025-04-08,10631.77
2025-04-09,10352.19
2025-04-10,11395.28
2025-04-11,11025.02
2025-04-14,11095.34
2025-04-15,11245.16
2025-04-16,11201.54
2025-04-17,11279.54
2025-04-18,11436.17
2025-04-21,11339.18
2025-04-22,11233.21
2025-04-23,11447.77
2025-04-24,11521.46
2025-04-25,11749.94
2025-04-28,11838.4
2025-04-30,11763.03
2025-05-01,11960.7
2025-05-02,12189.16
2025-05-07,12164.99
2025-05-08,12134.65
2025-05-09,12161.74
2025-05-12,12160.35
2025-05-13,12359.38
2025-05-14,12202.84
2025-05-15,12085.31
2025-05-16,12201.12
2025-05-19,12158.04
2025-05-20,12035.95
2025-05-21,11859.66
2025-05-22,11744.38
2025-05-23,11840.13
2025-05-26,11932.14
2025-05-27,11987.87
2025-05-28,11928.57
2025-05-29,12159.93
2025-05-30,11967.02
2025-06-02,11798.44
2025-06-03,11836.94
2025-06-04,11943.98
2025-06-05,11782.21
2025-06-06,11781.6
2025-06-09,11853.7
2025-06-10,11974.05
2025-06-11,11944.94
2025-06-12,11789.65
2025-06-13,11625.01
2025-06-16,11647.72
2025-06-17,11573.48
2025-06-18,11790.97
2025-06-19,11614.37
2025-06-20,11468.34
2025-06-23,11462.63
2025-06-24,11553.82
2025-06-25,11519.42
2025-06-26,11777.1
2025-06-27,11992.27
2025-06-30,12050.96
2025-07-01,11729.04
2025-07-02,11739.2
2025-07-03,11732.58
2025-07-04,11811.63
2025-07-07,11792.92
2025-07-08,11781.05
2025-07-09,11702.2
2025-07-10,11569.22
2025-07-11,11397.23
2025-07-14,11358.54
2025-07-15,11447.66
2025-07-16,11403.87
2025-07-17,11468.35
2025-07-18,11418.48
2025-07-22,11337.29
2025-07-23,11870.43
2025-07-24,12196.15
2025-07-25,11938.92
2025-07-28,11923.08
2025-07-29,11836.69
2025-07-30,11576.84
2025-07-31,11623.37
2025-08-01,11813.02
2025-08-04,11719.14
2025-08-05,11671.08
2025-08-06,11689.38
2025-08-07,11747.3
2025-08-08,11936.62
2025-08-12,12187.13
2025-08-13,12209.33
2025-08-14,11984.83
2025-08-15,12166.54
2025-08-18,12350.9
2025-08-19,12284.17
2025-08-20,12252.97
2025-08-21,12179.75
2025-08-22,12123.31
2025-08-25,12233.41
2025-08-26,12061.06
2025-08-27,11980.45
2025-08-28,12006.82
2025-08-29,11912.14
2025-09-01,11854.77
2025-09-02,11867.15
2025-09-03,11881.12
2025-09-04,11888.05
2025-09-05,11986.65
2025-09-08,12056.85
2025-09-09,11922.51
2025-09-10,11946.31
2025-09-11,11954.29
2025-09-12,12012.15
2025-09-16,11927.53
2025-09-17,11910.27
2025-09-18,11963.07
2025-09-19,11667.91
2025-09-22,11730.89
2025-09-24,11657.29
2025-09-25,11601.07
2025-09-26,11645.94
2025-09-29,11480.58
2025-09-30,11546.21
2025-10-01,11608.12
2025-10-02,11555.1
2025-10-03,11696.87
2025-10-06,12292.02
2025-10-07,12207.64
2025-10-08,12063.47
2025-10-09,12207.22
2025-10-10,12483.59
2025-10-14,12168.9
2025-10-15,12385.71
2025-10-16,12379.56
2025-10-17,12344.57
2025-10-20,12791.12
2025-10-21,12867.95
2025-10-22,12971.38
2025-10-23,12854.58
2025-10-24,12923.51
2025-10-27,13163.45
2025-10-28,12964.68
2025-10-29,12954.31
2025-10-30,12770.59
2025-10-31,12734.67
2025-11-04,12534.32
2025-11-05,12651.69
2025-11-06,12787.46
2025-11-07,12793.17
2025-11-10,12880.35
2025-11-11,12958.29
2025-11-12,13054.19
2025-11-13,12996.07
2025-11-14,12925.91
2025-11-17,12549.43
2025-11-18,12284.15
2025-11-19,12323.94
2025-11-20,12492.32
2025-11-21,12574.85
2025-11-25,12624.73
2025-11-26,12722.79
2025-11-27,12740.88
2025-11-28,12707.62
2025-12-01,12484.63
2025-12-02,12540.9
2025-12-03,12480.91
2025-12-04,12934.49
2025-12-05,12630.78
2025-12-08,12614.44
2025-12-09,12483.61
2025-12-10,12565.68
2025-12-11,12443.02
2025-12-12,12775.3
2025-12-15,12737.5
2025-12-16,12599.25
2025-12-17,12592.52
2025-12-18,12582.22
2025-12-19,12512.09
2025-12-22,12707.39
2025-12-23,12811.58
2025-12-24,12697.86
2025-12-25,12676.53
2025-12-26,12763.01
2025-12-29,12664.48
2025-12-30,12686.21
2026-01-05,12765.63
2026-01-06,12903.17
2026-01-07,12586.99
2026-01-08,12513.23
2026-01-09,13127.86
2026-01-13,13304.66
2026-01-14,13474.65
2026-01-15,13581.11
2026-01-16,13565.8
2026-01-19,13514.0
2026-01-20,13473.8
2026-01-21,13279.25
2026-01-22,13115.66
2026-01-23,13167.77
2026-01-26,12926.48
2026-01-27,12909.99
2026-01-28,12719.28
2026-01-29,12693.12
2026-01-30,12602.29
2026-02-02,12685.89
2026-02-03,13001.79
2026-02-04,12617.6
2026-02-05,12496.16
2026-02-06,12488.96
2026-02-09,13063.72
2026-02-10,13301.4
2026-02-12,13315.26
2026-02-13,13204.48
2026-02-16,13301.04
2026-02-17,13326.73
2026-02-18,13392.32
2026-02-19,13519.34
2026-02-20,13500.79
2026-02-24,13681.14
2026-02-25,14020.46
2026-02-26,13948.17
2026-02-27,14149.69
2026-03-02,13863.81
2026-03-03,13435.94
2026-03-04,13219.17
2026-03-05,13279.64
2026-03-06,13476.56
2026-03-09,12905.65
2026-03-10,13262.19
2026-03-11,13339.36
2026-03-12,13478.17
2026-03-13,13385.89
2026-03-16,13229.67
2026-03-17,13244.75
2026-03-18,13466.19
2026-03-19,13073.42
2026-03-23,12616.22
2026-03-24,12684.12
2026-03-25,12879.46
2026-03-26,12846.16
2026-03-27,12744.45
2026-03-30,12508.33
2026-03-31,12443.24
2026-04-01,12992.67
2026-04-02,12815.79
2026-04-03,12997.23
2026-04-06,13088.65
2026-04-07,13108.54
2026-04-08,13565.97
2026-04-09,13595.27
2026-04-10,14275.57
2026-04-13,14281.57
2026-04-14,14231.58
2026-04-15,14223.09
2026-04-16,14464.75
2026-04-17,14349.93
2026-04-20,14564.43
2026-04-21,14379.48
2026-04-22,14244.24
2026-04-23,13961.08
2026-04-24,14027.75
2026-04-27,14947.54
2026-04-28,15107.06
2026-04-30,14850.01
2026-05-01,15253.44
2026-05-07,15865.48
2026-05-08,16208.05
2026-05-11,16022.44
2026-05-12,15576.61
2026-05-13,15728.44
2026-05-14,15369.75
2026-05-15,15440.93
2026-05-18,15210.94
2026-05-19,15384.29
2026-05-20,15263.63
2026-05-21,15452.16
2026-05-22,15854.44
2026-05-25,15808.36
2026-05-26,15599.6
2026-05-27,15711.56
2026-05-28,15688.19
2026-05-29,16384.84
2026-06-01,16330.32
2026-06-02,16080.6
2026-06-03,16232.42
2026-06-04,16191.26
2026-06-05,16040.43
2026-06-08,15757.22
2026-06-09,15675.09
2026-06-10,15553.99
2026-06-11,15346.53
2026-06-12,15594.65
2026-06-15,15896.41
2026-06-16,15975.77
2026-06-17,16074.84
2026-06-18,16318.87
2026-06-19,16205.78
2026-06-22,16105.91
2026-06-23,15943.02
2026-06-24,15982.73
2026-06-25,16256.42
2026-06-26,16211.56
2026-06-29,16423.62
2026-06-30,16516.04
2026-07-01,16574.3
2026-07-02,16515.54
2026-07-03,16731.19
2026-07-06,17013.79
2026-07-07,16885.0
2026-07-08,16492.7
2026-07-09,16392.95
2026-07-10,16236.34
2026-07-13,16140.31
2026-07-14,15935.04
2026-07-15,15930.67
2026-07-16,15744.74
2026-07-17,15480.67
2026-07-21,15701.1
2026-07-22,15504.74
2026-07-23,15383.07
2026-07-24,15261.52
2026-07-27,15646.41
2026-07-28,15620.8
2026-07-29,16252.5
2026-07-30,16227.27
2026-07-31,16268.09
2026-08-03,16315.09
2026-08-04,16439.33
2026-08-05,16531.34
2026-08-06,16574.59
2026-08-07,16647.4
2026-08-10,16645.86
2026-08-12,16715.84
2026-08-13,16592.15
2026-08-14,16734.5
2026-08-17,16587.29
2026-08-18,16193.53
2026-08-19,15779.05
2026-08-20,16034.48
2026-08-21,15709.29
2026-08-24,15774.37
2026-08-25,15858.2
2026-08-26,15781.36
2026-08-27,15772.57
2026-08-28,15896.21
2026-08-31,16068.01
2026-09-01,15868.1
2026-09-02,15385.61
2026-09-03,15213.76
2026-09-04,15277.35
2026-09-07,15360.67
2026-09-08,15135.49
2026-09-09,14922.64
2026-09-10,14925.82
2026-09-11,14850.98
2026-09-14,14934.7
2026-09-15,14843.65
2026-09-16,14896.97
2026-09-17,15051.87
2026-09-18,15069.69
2026-09-24,15123.73
2026-09-25,15377.47
2026-09-28,15170.53
2026-09-29,15301.5
2026-09-30,15578.88
2026-10-01,15779.12
2026-10-02,15605.14
2026-10-05,15943.74
2026-10-06,16036.33
2026-10-07,
