Date,YuukiIndex
2021-01-04,10000.0
2021-01-05,9899.44
2021-01-06,9722.73
2021-01-07,9898.36
2021-01-08,10202.73
2021-01-12,10217.82
2021-01-13,10172.59
2021-01-14,10196.47
2021-01-15,10015.53
2021-01-18,10015.39
2021-01-19,10143.64
2021-01-20,9946.84
2021-01-21,10018.24
2021-01-22,10087.45
2021-01-25,10127.92
2021-01-26,9920.9
2021-01-27,10127.29
2021-01-28,9941.77
2021-01-29,9773.7
2021-02-01,9980.96
2021-02-02,9943.25
2021-02-03,9934.4
2021-02-04,9820.67
2021-02-05,9912.98
2021-02-08,10075.62
2021-02-09,10168.97
2021-02-10,10153.27
2021-02-12,10208.12
2021-02-15,10452.51
2021-02-16,10552.79
2021-02-17,10477.87
2021-02-18,10574.41
2021-02-19,10413.8
2021-02-22,10307.16
2021-02-24,9944.9
2021-02-25,10122.04
2021-02-26,9636.52
2021-03-01,9800.56
2021-03-02,9738.53
2021-03-03,9680.21
2021-03-04,9421.25
2021-03-05,9549.81
2021-03-08,9330.32
2021-03-09,9222.47
2021-03-10,9213.2
2021-03-11,9221.0
2021-03-12,9439.32
2021-03-15,9430.06
2021-03-16,9505.44
2021-03-17,9583.97
2021-03-18,9744.96
2021-03-19,9689.05
2021-03-22,9304.83
2021-03-23,9262.97
2021-03-24,9093.14
2021-03-25,9297.26
2021-03-26,9328.34
2021-03-29,9473.18
2021-03-30,9535.84
2021-03-31,9371.51
2021-04-01,9515.18
2021-04-02,9739.07
2021-04-05,9700.95
2021-04-06,9557.4
2021-04-07,9468.11
2021-04-08,9564.62
2021-04-09,9561.89
2021-04-12,9467.37
2021-04-13,9565.5
2021-04-14,9567.09
2021-04-15,9527.3
2021-04-16,9598.43
2021-04-19,9580.12
2021-04-20,9348.93
2021-04-21,9198.88
2021-04-22,9469.12
2021-04-23,9396.56
2021-04-26,9453.31
2021-04-27,9346.48
2021-04-28,9425.91
2021-04-30,9490.03
2021-05-06,9655.56
2021-05-07,9623.55
2021-05-10,9585.05
2021-05-11,9361.53
2021-05-12,9258.56
2021-05-13,9127.36
2021-05-14,9240.37
2021-05-17,9231.91
2021-05-18,9391.75
2021-05-19,9262.77
2021-05-20,9286.26
2021-05-21,9398.47
2021-05-24,9370.0
2021-05-25,9405.51
2021-05-26,9449.4
2021-05-27,9484.5
2021-05-28,9680.64
2021-05-31,9560.38
2021-06-01,9557.43
2021-06-02,9508.46
2021-06-03,9500.92
2021-06-04,9466.13
2021-06-07,9458.46
2021-06-08,9385.16
2021-06-09,9291.9
2021-06-10,9300.24
2021-06-11,9313.04
2021-06-14,9475.69
2021-06-15,9580.03
2021-06-16,9521.19
2021-06-17,9502.68
2021-06-18,9570.05
2021-06-21,9293.4
2021-06-22,9583.47
2021-06-23,9599.72
2021-06-24,9485.37
2021-06-25,9513.69
2021-06-28,9562.25
2021-06-29,9595.83
2021-06-30,9560.05
2021-07-01,9593.4
2021-07-02,9653.43
2021-07-05,9577.25
2021-07-06,9635.38
2021-07-07,9678.86
2021-07-08,9631.58
2021-07-09,9504.8
2021-07-12,9779.89
2021-07-13,9821.13
2021-07-14,9810.54
2021-07-15,9686.85
2021-07-16,9620.2
2021-07-19,9445.35
2021-07-20,9362.62
2021-07-21,9422.84
2021-07-26,9584.37
2021-07-27,9665.25
2021-07-28,9492.12
2021-07-29,9610.46
2021-07-30,9740.89
2021-08-02,9948.5
2021-08-03,9934.82
2021-08-04,9983.12
2021-08-05,10040.66
2021-08-06,10011.42
2021-08-10,10108.03
2021-08-11,10306.45
2021-08-12,10278.51
2021-08-13,10316.7
2021-08-16,10103.47
2021-08-17,10079.4
2021-08-18,10089.49
2021-08-19,10043.15
2021-08-20,9966.03
2021-08-23,10292.19
2021-08-24,10417.6
2021-08-25,10383.3
2021-08-26,10344.14
2021-08-27,10266.83
2021-08-30,10343.72
2021-08-31,10483.31
2021-09-01,10602.5
2021-09-02,10624.5
2021-09-03,10822.11
2021-09-06,11005.83
2021-09-07,11294.59
2021-09-08,11312.5
2021-09-09,11246.55
2021-09-10,11398.3
2021-09-13,11504.94
2021-09-14,11543.15
2021-09-15,11512.05
2021-09-16,11283.73
2021-09-17,11302.25
2021-09-21,10987.62
2021-09-22,10835.74
2021-09-24,10982.15
2021-09-27,10817.1
2021-09-28,10668.49
2021-09-29,10352.92
2021-09-30,10649.09
2021-10-01,10263.28
2021-10-04,10114.37
2021-10-05,9829.88
2021-10-06,9815.76
2021-10-07,9837.34
2021-10-08,10066.66
2021-10-11,10280.57
2021-10-12,10113.63
2021-10-13,10109.05
2021-10-14,10240.57
2021-10-15,10501.01
2021-10-18,10469.16
2021-10-19,10668.2
2021-10-20,10640.8
2021-10-21,10448.61
2021-10-22,10453.54
2021-10-25,10332.45
2021-10-26,10456.32
2021-10-27,10399.47
2021-10-28,10259.45
2021-10-29,10572.48
2021-11-01,10865.69
2021-11-02,10793.36
2021-11-04,11193.57
2021-11-05,11212.58
2021-11-08,11029.3
2021-11-09,10893.63
2021-11-10,10780.82
2021-11-11,10798.22
2021-11-12,10852.24
2021-11-15,10901.37
2021-11-16,10996.45
2021-11-17,10956.57
2021-11-18,11003.42
2021-11-19,11065.08
2021-11-22,11058.64
2021-11-24,10775.75
2021-11-25,10789.27
2021-11-26,10580.71
2021-11-29,10509.37
2021-11-30,10355.38
2021-12-01,10444.09
2021-12-02,10496.48
2021-12-03,10559.76
2021-12-06,10570.29
2021-12-07,10721.3
2021-12-08,10891.41
2021-12-09,10829.44
2021-12-10,10825.18
2021-12-13,10944.61
2021-12-14,10851.48
2021-12-15,10787.19
2021-12-16,11043.73
2021-12-17,10817.24
2021-12-20,10601.77
2021-12-21,10813.23
2021-12-22,10835.57
2021-12-23,10950.13
2021-12-24,10919.13
2021-12-27,10792.35
2021-12-28,10897.03
2021-12-29,10727.8
2021-12-30,10721.96
2022-01-04,10876.39
2022-01-05,10883.01
2022-01-06,10420.7
2022-01-07,10221.71
2022-01-11,9747.28
2022-01-12,10083.61
2022-01-13,9884.51
2022-01-14,9770.9
2022-01-17,9828.42
2022-01-18,9952.04
2022-01-19,9715.5
2022-01-20,9793.04
2022-01-21,9683.09
2022-01-24,9641.41
2022-01-25,9464.14
2022-01-26,9360.21
2022-01-27,9071.02
2022-01-28,9264.15
2022-01-31,9321.9
2022-02-01,9389.22
2022-02-02,9679.0
2022-02-03,9288.05
2022-02-04,9363.02
2022-02-07,9209.13
2022-02-08,9188.0
2022-02-09,9303.07
2022-02-10,9367.44
2022-02-14,8952.44
2022-02-15,9024.94
2022-02-16,9104.53
2022-02-17,8861.61
2022-02-18,8809.57
2022-02-21,8669.23
2022-02-22,8579.59
2022-02-24,8482.86
2022-02-25,8712.12
2022-02-28,8692.58
2022-03-01,8801.32
2022-03-02,8646.21
2022-03-03,8756.57
2022-03-04,8628.74
2022-03-07,8335.0
2022-03-08,8375.18
2022-03-09,8378.56
2022-03-10,8641.14
2022-03-11,8309.54
2022-03-14,8256.08
2022-03-15,8173.09
2022-03-16,8378.21
2022-03-17,8777.8
2022-03-18,8848.6
2022-03-22,8902.84
2022-03-23,9264.81
2022-03-24,9265.29
2022-03-25,9149.87
2022-03-28,9062.61
2022-03-29,9176.26
2022-03-30,9149.72
2022-03-31,9125.58
2022-04-01,9182.33
2022-04-04,9179.31
2022-04-05,9216.42
2022-04-06,9108.98
2022-04-07,8871.37
2022-04-08,8959.68
2022-04-11,8743.56
2022-04-12,8480.27
2022-04-13,8722.81
2022-04-14,8791.13
2022-04-15,8815.53
2022-04-18,8695.61
2022-04-19,8712.28
2022-04-20,8665.56
2022-04-21,8831.86
2022-04-22,8676.21
2022-04-25,8328.85
2022-04-26,8314.68
2022-04-27,8258.54
2022-04-28,8440.16
2022-05-02,8357.09
2022-05-06,8380.0
2022-05-09,8053.66
2022-05-10,8119.27
2022-05-11,8211.5
2022-05-12,8038.17
2022-05-13,8266.5
2022-05-16,8328.59
2022-05-17,8338.93
2022-05-18,8385.03
2022-05-19,8164.48
2022-05-20,8093.58
2022-05-23,8166.51
2022-05-24,8052.25
2022-05-25,8079.6
2022-05-26,8076.61
2022-05-27,8051.33
2022-05-30,8433.17
2022-05-31,8436.94
2022-06-01,8476.31
2022-06-02,8446.04
2022-06-03,8568.52
2022-06-06,8605.9
2022-06-07,8635.71
2022-06-08,8693.54
2022-06-09,8754.91
2022-06-10,8589.33
2022-06-13,8270.69
2022-06-14,8216.97
2022-06-15,8024.99
2022-06-16,8089.29
2022-06-17,8026.98
2022-06-20,8051.9
2022-06-21,8210.96
2022-06-22,8203.24
2022-06-23,8161.22
2022-06-24,8248.75
2022-06-27,8421.73
2022-06-28,8460.14
2022-06-29,8388.26
2022-06-30,8315.3
2022-07-01,8151.04
2022-07-04,8252.23
2022-07-05,8370.83
2022-07-06,8375.1
2022-07-07,8550.57
2022-07-08,8560.59
2022-07-11,8649.31
2022-07-12,8488.16
2022-07-13,8559.67
2022-07-14,8710.97
2022-07-15,8938.55
2022-07-19,9040.81
2022-07-20,9360.44
2022-07-21,9411.17
2022-07-22,9564.07
2022-07-25,9395.93
2022-07-26,9337.31
2022-07-27,9261.57
2022-07-28,9250.88
2022-07-29,9190.93
2022-08-01,9391.56
2022-08-02,9273.02
2022-08-03,9393.89
2022-08-04,9470.95
2022-08-05,9607.17
2022-08-08,9571.88
2022-08-09,9606.72
2022-08-10,9442.75
2022-08-12,9743.88
2022-08-15,9858.85
2022-08-16,9852.96
2022-08-17,9978.44
2022-08-18,9866.9
2022-08-19,9866.86
2022-08-22,9769.23
2022-08-23,9576.3
2022-08-24,9472.54
2022-08-25,9510.31
2022-08-26,9561.81
2022-08-29,9226.05
2022-08-30,9362.68
2022-08-31,9322.13
2022-09-01,9155.27
2022-09-02,9131.04
2022-09-05,9127.59
2022-09-06,9131.79
2022-09-07,9124.55
2022-09-08,9434.99
2022-09-09,9447.61
2022-09-12,9602.77
2022-09-13,9632.38
2022-09-14,9248.28
2022-09-15,9270.96
2022-09-16,9076.86
2022-09-20,9178.23
2022-09-21,9017.44
2022-09-22,8953.8
2022-09-26,8834.53
2022-09-27,8889.83
2022-09-28,8758.93
2022-09-29,8827.69
2022-09-30,8584.79
2022-10-03,8663.08
2022-10-04,8943.22
2022-10-05,9091.99
2022-10-06,9164.45
2022-10-07,9090.24
2022-10-11,8721.19
2022-10-12,8740.7
2022-10-13,8657.62
2022-10-14,8968.33
2022-10-17,8776.17
2022-10-18,8926.16
2022-10-19,8912.86
2022-10-20,8793.74
2022-10-21,8724.13
2022-10-24,8792.95
2022-10-25,8934.87
2022-10-26,9024.61
2022-10-27,9114.08
2022-10-28,9034.83
2022-10-31,9449.86
2022-11-01,9603.59
2022-11-02,9604.43
2022-11-04,9391.89
2022-11-07,9570.7
2022-11-08,9665.5
2022-11-09,9473.94
2022-11-10,9406.16
2022-11-11,9894.91
2022-11-14,9900.9
2022-11-15,9853.77
2022-11-16,9866.87
2022-11-17,9767.25
2022-11-18,9718.95
2022-11-21,9705.82
2022-11-22,9742.81
2022-11-24,9891.61
2022-11-25,9770.72
2022-11-28,9754.6
2022-11-29,9668.35
2022-11-30,9530.2
2022-12-01,9713.97
2022-12-02,9523.31
2022-12-05,9549.91
2022-12-06,9553.91
2022-12-07,9458.43
2022-12-08,9394.68
2022-12-09,9522.59
2022-12-12,9461.01
2022-12-13,9575.01
2022-12-14,9661.77
2022-12-15,9543.0
2022-12-16,9350.07
2022-12-19,9254.03
2022-12-20,8991.34
2022-12-21,8904.87
2022-12-22,8901.08
2022-12-23,8814.44
2022-12-26,8879.36
2022-12-27,8911.88
2022-12-28,8876.87
2022-12-29,8826.49
2022-12-30,8828.66
2023-01-04,8691.46
2023-01-05,8731.66
2023-01-06,8808.43
2023-01-10,8961.49
2023-01-11,9254.58
2023-01-12,9201.22
2023-01-13,9017.32
2023-01-16,8960.89
2023-01-17,9103.64
2023-01-18,9333.33
2023-01-19,9245.08
2023-01-20,9245.36
2023-01-23,9464.01
2023-01-24,9555.11
2023-01-25,9648.88
2023-01-26,9539.87
2023-01-27,9615.24
2023-01-30,9662.39
2023-01-31,9590.15
2023-02-01,9595.38
2023-02-02,9750.52
2023-02-03,9848.29
2023-02-06,9841.87
2023-02-07,9879.34
2023-02-08,9775.62
2023-02-09,9785.15
2023-02-10,9783.62
2023-02-13,9646.25
2023-02-14,9772.89
2023-02-15,9700.95
2023-02-16,9845.46
2023-02-17,9679.63
2023-02-20,9642.3
2023-02-21,9589.99
2023-02-22,9452.31
2023-02-24,9535.94
2023-02-27,9569.74
2023-02-28,9615.38
2023-03-01,9609.66
2023-03-02,9618.13
2023-03-03,9797.62
2023-03-06,9955.58
2023-03-07,10009.71
2023-03-08,10061.47
2023-03-09,10084.38
2023-03-10,9887.12
2023-03-13,9878.14
2023-03-14,9692.47
2023-03-15,9602.74
2023-03-16,9622.4
2023-03-17,9791.94
2023-03-20,9689.4
2023-03-22,9992.45
2023-03-23,9891.39
2023-03-24,9909.32
2023-03-27,9918.62
2023-03-28,9964.44
2023-03-29,10114.13
2023-03-30,10169.92
2023-03-31,10278.99
2023-04-03,10268.94
2023-04-04,10310.78
2023-04-05,10084.79
2023-04-06,9775.49
2023-04-07,9803.83
2023-04-10,9854.19
2023-04-11,9902.57
2023-04-12,9956.46
2023-04-13,10132.1
2023-04-14,10371.07
2023-04-17,10328.09
2023-04-18,10398.83
2023-04-19,10315.43
2023-04-20,10430.36
2023-04-21,10383.33
2023-04-24,10389.49
2023-04-25,10445.43
2023-04-26,10318.09
2023-04-27,10384.4
2023-04-28,10409.21
2023-05-01,10607.75
2023-05-02,10647.24
2023-05-08,10614.36
2023-05-09,10696.56
2023-05-10,10656.29
2023-05-11,10632.37
2023-05-12,10836.16
2023-05-15,10973.81
2023-05-16,11080.72
2023-05-17,11178.51
2023-05-18,11380.32
2023-05-19,11483.39
2023-05-22,11575.8
2023-05-23,11498.37
2023-05-24,11326.96
2023-05-25,11338.88
2023-05-26,11310.1
2023-05-29,11270.87
2023-05-30,11330.2
2023-05-31,11153.68
2023-06-01,11287.53
2023-06-02,11522.72
2023-06-05,11817.12
2023-06-06,11848.0
2023-06-07,11555.45
2023-06-08,11293.22
2023-06-09,11624.72
2023-06-12,11717.08
2023-06-13,11867.63
2023-06-14,11983.78
2023-06-15,11999.94
2023-06-16,12058.65
2023-06-19,11939.9
2023-06-20,11917.93
2023-06-21,11945.46
2023-06-22,11830.75
2023-06-23,11617.3
2023-06-26,11590.39
2023-06-27,11527.86
2023-06-28,11776.4
2023-06-29,11759.79
2023-06-30,11741.45
2023-07-03,12052.73
2023-07-04,11870.42
2023-07-05,11815.99
2023-07-06,11545.55
2023-07-07,11391.56
2023-07-10,11319.4
2023-07-11,11344.6
2023-07-12,11308.5
2023-07-13,11487.3
2023-07-14,11439.05
2023-07-18,11477.3
2023-07-19,11583.45
2023-07-20,11379.33
2023-07-21,11373.11
2023-07-24,11475.34
2023-07-25,11422.74
2023-07-26,11399.01
2023-07-27,11488.58
2023-07-28,11480.14
2023-07-31,11340.47
2023-08-01,11208.83
2023-08-02,11064.87
2023-08-03,10966.66
2023-08-04,10925.13
2023-08-07,10892.01
2023-08-08,10891.42
2023-08-09,10597.07
2023-08-10,10713.18
2023-08-14,10523.95
2023-08-15,10567.57
2023-08-16,10428.89
2023-08-17,10397.55
2023-08-18,10371.08
2023-08-21,10313.77
2023-08-22,10371.95
2023-08-23,10536.44
2023-08-24,10600.16
2023-08-25,10399.59
2023-08-28,10626.0
2023-08-29,10599.57
2023-08-30,10625.02
2023-08-31,10635.13
2023-09-01,10664.29
2023-09-04,10680.47
2023-09-05,10723.03
2023-09-06,10805.98
2023-09-07,10699.34
2023-09-08,10547.08
2023-09-11,10400.8
2023-09-12,10498.47
2023-09-13,10408.12
2023-09-14,10555.55
2023-09-15,10651.72
2023-09-19,10525.83
2023-09-20,10500.3
2023-09-21,10308.63
2023-09-22,10226.46
2023-09-25,10212.64
2023-09-26,10107.54
2023-09-27,10120.02
2023-09-28,10025.4
2023-09-29,10049.08
2023-10-02,10030.94
2023-10-03,9884.14
2023-10-04,9822.41
2023-10-05,9936.77
2023-10-06,9870.25
2023-10-10,10046.31
2023-10-11,10086.41
2023-10-12,10291.96
2023-10-13,10376.84
2023-10-16,10140.14
2023-10-17,10286.67
2023-10-18,10276.32
2023-10-19,10048.64
2023-10-20,9917.82
2023-10-23,9737.72
2023-10-24,9729.92
2023-10-25,9778.48
2023-10-26,9583.68
2023-10-27,9702.95
2023-10-30,9971.0
2023-10-31,10080.03
2023-11-01,10305.82
2023-11-02,10442.06
2023-11-06,10676.48
2023-11-07,10476.95
2023-11-08,10521.19
2023-11-09,10680.12
2023-11-10,10583.17
2023-11-13,10533.22
2023-11-14,10548.7
2023-11-15,10874.59
2023-11-16,10979.25
2023-11-17,10970.44
2023-11-20,10919.59
2023-11-21,10935.99
2023-11-22,11035.69
2023-11-24,10973.13
2023-11-27,10851.63
2023-11-28,10841.78
2023-11-29,10869.72
2023-11-30,10951.49
2023-12-01,10847.59
2023-12-04,10778.81
2023-12-05,10595.73
2023-12-06,10837.9
2023-12-07,10594.18
2023-12-08,10432.9
2023-12-11,10575.12
2023-12-12,10623.73
2023-12-13,10611.72
2023-12-14,10534.77
2023-12-15,10775.42
2023-12-18,10665.18
2023-12-19,10809.78
2023-12-20,10968.99
2023-12-21,10815.66
2023-12-22,10748.24
2023-12-25,10771.46
2023-12-26,10784.23
2023-12-27,10898.76
2023-12-28,10872.6
2023-12-29,10815.18
2024-01-04,10642.03
2024-01-05,10573.51
2024-01-09,10758.14
2024-01-10,11128.85
2024-01-11,11354.98
2024-01-12,11701.58
2024-01-15,11664.92
2024-01-16,11591.4
2024-01-17,11531.87
2024-01-18,11489.48
2024-01-19,11533.01
2024-01-22,11722.0
2024-01-23,11722.02
2024-01-24,11561.85
2024-01-25,11568.17
2024-01-26,11559.44
2024-01-29,11618.54
2024-01-30,11725.15
2024-01-31,11693.05
2024-02-01,11590.35
2024-02-02,11583.42
2024-02-05,11770.79
2024-02-06,11502.46
2024-02-07,11249.57
2024-02-08,11425.29
2024-02-09,11504.21
2024-02-13,11650.77
2024-02-14,11632.26
2024-02-15,11786.29
2024-02-16,11964.47
2024-02-19,11914.76
2024-02-20,11889.18
2024-02-21,11878.17
2024-02-22,12048.69
2024-02-26,12192.97
2024-02-27,12225.94
2024-02-28,12119.66
2024-02-29,12084.65
2024-03-01,12274.68
2024-03-04,12411.59
2024-03-05,12550.31
2024-03-06,12467.96
2024-03-07,12273.39
2024-03-08,12273.15
2024-03-11,12054.16
2024-03-12,12074.75
2024-03-13,12016.9
2024-03-14,11994.62
2024-03-15,11962.95
2024-03-18,12327.62
2024-03-19,12387.45
2024-03-21,12601.68
2024-03-22,12612.99
2024-03-25,12433.73
2024-03-26,12425.31
2024-03-27,12456.84
2024-03-28,12384.5
2024-03-29,12375.36
2024-04-01,12428.58
2024-04-02,12437.37
2024-04-03,12121.81
2024-04-04,12086.35
2024-04-05,11716.77
2024-04-08,11830.27
2024-04-09,11814.87
2024-04-10,11778.41
2024-04-11,11721.87
2024-04-12,11599.7
2024-04-15,11514.68
2024-04-16,11475.56
2024-04-17,11341.34
2024-04-18,11412.64
2024-04-19,11144.01
2024-04-22,11357.51
2024-04-23,11478.15
2024-04-24,11710.51
2024-04-25,11486.76
2024-04-26,11947.89
2024-04-30,12079.25
2024-05-01,11973.91
2024-05-02,11953.0
2024-05-07,12233.37
2024-05-08,11993.76
2024-05-09,11976.49
2024-05-10,12187.96
2024-05-13,12235.43
2024-05-14,12326.95
2024-05-15,12235.9
2024-05-16,12560.8
2024-05-17,12500.68
2024-05-20,12505.06
2024-05-21,12330.37
2024-05-22,12298.74
2024-05-23,12449.42
2024-05-24,12267.31
2024-05-27,12264.71
2024-05-28,12162.28
2024-05-29,12043.53
2024-05-30,11950.76
2024-05-31,12115.07
2024-06-03,12266.56
2024-06-04,12265.33
2024-06-05,12141.18
2024-06-06,12086.12
2024-06-07,12078.7
2024-06-10,12222.18
2024-06-11,12207.28
2024-06-12,12001.88
2024-06-13,12013.75
2024-06-14,11967.96
2024-06-17,11814.56
2024-06-18,11856.44
2024-06-19,11969.94
2024-06-20,11972.84
2024-06-21,12091.61
2024-06-24,12068.72
2024-06-25,12189.28
2024-06-26,12361.64
2024-06-27,12116.36
2024-06-28,12115.53
2024-07-01,12130.84
2024-07-02,12237.89
2024-07-03,12430.21
2024-07-04,12494.59
2024-07-05,12480.32
2024-07-08,12519.88
2024-07-09,12857.66
2024-07-10,12904.24
2024-07-11,13090.77
2024-07-12,12705.78
2024-07-16,12628.11
2024-07-17,12585.37
2024-07-18,12331.33
2024-07-19,12421.75
2024-07-22,12230.38
2024-07-23,12106.56
2024-07-24,12046.94
2024-07-25,11595.27
2024-07-26,11711.58
2024-07-29,11721.16
2024-07-30,11701.01
2024-07-31,11795.42
2024-08-01,11547.71
2024-08-02,10986.48
2024-08-05,9771.36
2024-08-06,10984.34
2024-08-07,10844.6
2024-08-08,10719.35
2024-08-09,10688.09
2024-08-13,11230.31
2024-08-14,11395.31
2024-08-15,11255.69
2024-08-16,11657.38
2024-08-19,11544.49
2024-08-20,11831.4
2024-08-21,11938.08
2024-08-22,12081.53
2024-08-23,12222.59
2024-08-26,12209.21
2024-08-27,12258.48
2024-08-28,12212.56
2024-08-29,12264.38
2024-08-30,12222.36
2024-09-02,12264.7
2024-09-03,12299.13
2024-09-04,11943.14
2024-09-05,11714.9
2024-09-06,11473.31
2024-09-09,11477.39
2024-09-10,11372.82
2024-09-11,11286.03
2024-09-12,11674.98
2024-09-13,11619.86
2024-09-17,11607.56
2024-09-18,11689.94
2024-09-19,11946.68
2024-09-20,12237.07
2024-09-24,12291.38
2024-09-25,12224.89
2024-09-26,12567.68
2024-09-27,12790.03
2024-09-30,12354.7
2024-10-01,12548.2
2024-10-02,12289.01
2024-10-03,12489.25
2024-10-04,12549.01
2024-10-07,12725.76
2024-10-08,12500.48
2024-10-09,12659.57
2024-10-10,12693.96
2024-10-11,12868.87
2024-10-15,12817.09
2024-10-16,12599.5
2024-10-17,12406.17
2024-10-18,12537.34
2024-10-21,12579.35
2024-10-22,12298.45
2024-10-23,12153.79
2024-10-24,12110.61
2024-10-25,12090.06
2024-10-28,12301.95
2024-10-29,12356.09
2024-10-30,12561.85
2024-10-31,12504.93
2024-11-01,12188.9
2024-11-05,12348.32
2024-11-06,12514.95
2024-11-07,12303.91
2024-11-08,12417.91
2024-11-11,12326.85
2024-11-12,12243.53
2024-11-13,11978.53
2024-11-14,12029.81
2024-11-15,12184.88
2024-11-18,12051.44
2024-11-19,12089.54
2024-11-20,12045.59
2024-11-21,12009.59
2024-11-22,12047.85
2024-11-25,12307.68
2024-11-26,12270.81
2024-11-27,12126.78
2024-11-28,12250.61
2024-11-29,12202.27
2024-12-02,12205.57
2024-12-03,12443.77
2024-12-04,12503.52
2024-12-05,12496.98
2024-12-06,12377.36
2024-12-09,12471.61
2024-12-10,12556.93
2024-12-11,12543.0
2024-12-12,12640.01
2024-12-13,12403.46
2024-12-16,12345.86
2024-12-17,12453.48
2024-12-18,12342.91
2024-12-19,12342.66
2024-12-20,12295.6
2024-12-23,12314.39
2024-12-24,12263.56
2024-12-25,12257.6
2024-12-26,12365.48
2024-12-27,12597.54
2024-12-30,12518.36
2025-01-06,12210.55
2025-01-07,12461.46
2025-01-08,12337.59
2025-01-09,12196.11
2025-01-10,11988.46
2025-01-14,11773.79
2025-01-15,12029.91
2025-01-16,12061.67
2025-01-17,12134.74
2025-01-20,12289.48
2025-01-21,12304.67
2025-01-22,12395.49
2025-01-23,12474.3
2025-01-24,12541.62
2025-01-27,12540.57
2025-01-28,12567.46
2025-01-29,12669.0
2025-01-30,12511.25
2025-01-31,12581.32
2025-02-03,12085.75
2025-02-04,11924.15
2025-02-05,11956.97
2025-02-06,12024.59
2025-02-07,11978.51
2025-02-10,11884.2
2025-02-12,12024.47
2025-02-13,12229.07
2025-02-14,12111.31
2025-02-17,12231.88
2025-02-18,12186.64
2025-02-19,12028.48
2025-02-20,11858.7
2025-02-21,11818.26
2025-02-25,11640.29
2025-02-26,11604.04
2025-02-27,11674.18
2025-02-28,11386.74
2025-03-03,11613.14
2025-03-04,11626.16
2025-03-05,11811.62
2025-03-06,11850.75
2025-03-07,11550.48
2025-03-10,11535.31
2025-03-11,11508.69
2025-03-12,11541.1
2025-03-13,11459.86
2025-03-14,11557.12
2025-03-17,11531.72
2025-03-18,11637.64
2025-03-19,11613.41
2025-03-21,11646.39
2025-03-24,11596.76
2025-03-25,11637.04
2025-03-26,11766.04
2025-03-27,11803.17
2025-03-28,11600.38
2025-03-31,11200.7
2025-04-01,11176.64
2025-04-02,11302.28
2025-04-03,11000.5
2025-04-04,10883.35
2025-04-07,10093.45
2025-04-08,10633.68
2025-04-09,10354.08
2025-04-10,11396.9
2025-04-11,11026.58
2025-04-14,11097.08
2025-04-15,11246.6
2025-04-16,11202.93
2025-04-17,11281.35
2025-04-18,11437.77
2025-04-21,11340.72
2025-04-22,11234.82
2025-04-23,11449.3
2025-04-24,11523.06
2025-04-25,11751.36
2025-04-28,11839.86
2025-04-30,11765.11
2025-05-01,11962.72
2025-05-02,12191.45
2025-05-07,12167.04
2025-05-08,12136.59
2025-05-09,12162.93
2025-05-12,12161.28
2025-05-13,12360.57
2025-05-14,12203.66
2025-05-15,12085.94
2025-05-16,12201.72
2025-05-19,12158.62
2025-05-20,12036.59
2025-05-21,11860.38
2025-05-22,11745.23
2025-05-23,11841.4
2025-05-26,11933.47
2025-05-27,11989.38
2025-05-28,11930.11
2025-05-29,12161.41
2025-05-30,11968.62
2025-06-02,11800.19
2025-06-03,11838.67
2025-06-04,11945.94
2025-06-05,11784.2
2025-06-06,11783.59
2025-06-09,11855.77
2025-06-10,11975.97
2025-06-11,11946.45
2025-06-12,11791.55
2025-06-13,11627.29
2025-06-16,11649.86
2025-06-17,11576.04
2025-06-18,11793.92
2025-06-19,11617.54
2025-06-20,11471.22
2025-06-23,11465.61
2025-06-24,11556.92
2025-06-25,11522.93
2025-06-26,11780.09
2025-06-27,11995.27
2025-06-30,12054.58
2025-07-01,11732.71
2025-07-02,11743.05
2025-07-03,11736.51
2025-07-04,11815.72
2025-07-07,11797.06
2025-07-08,11785.19
2025-07-09,11706.32
2025-07-10,11573.31
2025-07-11,11402.11
2025-07-14,11363.24
2025-07-15,11451.86
2025-07-16,11408.15
2025-07-17,11472.68
2025-07-18,11422.86
2025-07-22,11341.87
2025-07-23,11874.53
2025-07-24,12200.33
2025-07-25,11943.01
2025-07-28,11927.16
2025-07-29,11840.94
2025-07-30,11581.41
2025-07-31,11627.62
2025-08-01,11817.03
2025-08-04,11723.7
2025-08-05,11675.78
2025-08-06,11694.54
2025-08-07,11752.91
2025-08-08,11942.78
2025-08-12,12192.72
2025-08-13,12215.02
2025-08-14,11990.61
2025-08-15,12172.29
2025-08-18,12356.53
2025-08-19,12289.43
2025-08-20,12258.09
2025-08-21,12184.82
2025-08-22,12128.25
2025-08-25,12238.19
2025-08-26,12065.63
2025-08-27,11984.83
2025-08-28,12010.89
2025-08-29,11916.27
2025-09-01,11858.72
2025-09-02,11870.91
2025-09-03,11884.61
2025-09-04,11892.53
2025-09-05,11991.01
2025-09-08,12061.83
2025-09-09,11927.58
2025-09-10,11951.18
2025-09-11,11959.42
2025-09-12,12016.92
2025-09-16,11931.88
2025-09-17,11914.46
2025-09-18,11966.81
2025-09-19,11671.67
2025-09-22,11734.36
2025-09-24,11661.17
2025-09-25,11604.89
2025-09-26,11649.95
2025-09-29,11484.62
2025-09-30,11550.03
2025-10-01,11612.2
2025-10-02,11558.77
2025-10-03,11700.51
2025-10-06,12295.35
2025-10-07,12211.06
2025-10-08,12066.96
2025-10-09,12210.44
2025-10-10,12485.94
2025-10-14,12171.73
2025-10-15,12388.52
2025-10-16,12382.22
2025-10-17,12347.5
2025-10-20,12793.72
2025-10-21,12870.98
2025-10-22,12974.29
2025-10-23,12857.45
2025-10-24,12926.32
2025-10-27,13166.23
2025-10-28,12968.01
2025-10-29,12957.2
2025-10-30,12773.96
2025-10-31,12738.42
2025-11-04,12538.27
2025-11-05,12655.97
2025-11-06,12792.81
2025-11-07,12798.79
2025-11-10,12885.42
2025-11-11,12963.42
2025-11-12,13059.56
2025-11-13,13001.73
2025-11-14,12931.4
2025-11-17,12555.13
2025-11-18,12289.53
2025-11-19,12329.14
2025-11-20,12497.84
2025-11-21,12580.32
2025-11-25,12630.11
2025-11-26,12728.43
2025-11-27,12746.61
2025-11-28,12713.41
2025-12-01,12490.3
2025-12-02,12546.3
2025-12-03,12486.17
2025-12-04,12939.35
2025-12-05,12635.46
2025-12-08,12618.99
2025-12-09,12487.89
2025-12-10,12569.52
2025-12-11,12447.06
2025-12-12,12779.38
